{
    "loss": 0.6530866026878357,
    "accuracy": 0.692307710647583
}