{
    "loss": 0.6202859282493591,
    "accuracy": 0.692307710647583
}